Brasil, Grandes Regiões e Unidades da Federação: Projeções da população com data de referência no dia 1º de cada mês: 2010/2030;;;;;;;;;;;;;;;;;;;;;;;;;;;;;;;;;
DATA;Brasil;Norte;Nordeste;Sudeste;Sul;Centro-Oeste;Rondônia;Acre;Amazonas;Roraima;Pará;Amapá;Tocantins;Maranhão;Piauí;Ceará;Rio Grande do Norte;Paraíba;Pernambuco;Alagoas;Sergipe;Bahia;Minas Gerais;Espírito Santo;Rio de Janeiro;São Paulo;Paraná;Santa Catarina;Rio Grande do Sul;Mato Grosso do Sul;Mato Grosso;Goiás;Distrito Federal
julho, 2010;194.875.052;16.247.841;54.229.734;82.138.970;27.911.930;14.346.577;1.598.381;765.430;3.551.217;459.844;7.765.472;693.857;1.413.640;6.715.260;3.193.930;8.625.391;3.240.375;3.840.945;9.001.011;3.196.933;2.108.757;14.307.132;19.957.386;3.595.291;16.298.103;42.288.190;10.650.244;6.351.544;10.910.142;2.493.878;3.104.317;6.109.715;2.638.667
agosto, 2010;195.017.573;16.267.657;54.255.905;82.198.254;27.930.974;14.364.783;1.600.017;766.537;3.556.859;460.248;7.773.575;695.303;1.415.119;6.718.546;3.194.627;8.629.903;3.242.977;3.842.254;9.006.205;3.198.340;2.110.555;14.312.498;19.968.902;3.599.212;16.306.954;42.323.187;10.657.439;6.358.951;10.914.584;2.496.536;3.107.705;6.118.387;2.642.154
setembro, 2010;195.160.170;16.287.491;54.282.102;82.257.547;27.950.035;14.382.995;1.601.654;767.643;3.562.499;460.676;7.781.672;696.749;1.416.598;6.721.836;3.195.325;8.634.424;3.245.578;3.843.572;9.011.400;3.199.746;2.112.353;14.317.867;19.980.421;3.603.135;16.315.815;42.358.175;10.664.640;6.366.366;10.919.029;2.499.195;3.111.098;6.127.059;2.645.643
outubro, 2010;195.302.839;16.307.345;54.308.325;82.316.846;27.969.111;14.401.212;1.603.293;768.749;3.568.137;461.128;7.789.765;698.194;1.418.079;6.725.128;3.196.025;8.638.953;3.248.178;3.844.900;9.016.599;3.201.150;2.114.152;14.323.240;19.991.945;3.607.060;16.324.688;42.393.154;10.671.848;6.373.788;10.923.476;2.501.855;3.114.496;6.135.729;2.649.132
novembro, 2010;195.445.578;16.327.217;54.334.573;82.376.151;27.988.203;14.419.434;1.604.933;769.854;3.573.774;461.604;7.797.852;699.639;1.419.560;6.728.424;3.196.727;8.643.490;3.250.775;3.846.237;9.021.800;3.202.552;2.115.951;14.328.616;20.003.471;3.610.987;16.333.571;42.428.122;10.679.062;6.381.216;10.927.925;2.504.515;3.117.899;6.144.397;2.652.623
dezembro, 2010;195.588.384;16.347.107;54.360.845;82.435.461;28.007.310;14.437.661;1.606.575;770.960;3.579.409;462.104;7.805.935;701.083;1.421.041;6.731.723;3.197.431;8.648.035;3.253.371;3.847.583;9.027.004;3.203.953;2.117.749;14.333.995;20.015.001;3.614.916;16.342.464;42.463.080;10.686.283;6.388.651;10.932.375;2.507.177;3.121.306;6.153.065;2.656.114
janeiro, 2011;195.731.254;16.367.016;54.387.140;82.494.774;28.026.430;14.455.893;1.608.218;772.065;3.585.042;462.628;7.814.013;702.527;1.422.523;6.735.024;3.198.137;8.652.588;3.255.966;3.848.938;9.032.210;3.205.353;2.119.548;14.339.377;20.026.534;3.618.847;16.351.367;42.498.026;10.693.510;6.396.092;10.936.828;2.509.839;3.124.717;6.161.731;2.659.607
fevereiro, 2011;195.874.186;16.386.941;54.413.459;82.554.090;28.045.565;14.474.130;1.609.862;773.169;3.590.674;463.175;7.822.086;703.970;1.424.005;6.738.329;3.198.844;8.657.149;3.258.558;3.850.302;9.037.418;3.206.750;2.121.347;14.344.761;20.038.069;3.622.780;16.360.280;42.532.961;10.700.743;6.403.540;10.941.282;2.512.502;3.128.133;6.170.395;2.663.100
março, 2011;196.017.176;16.406.884;54.439.800;82.613.407;28.064.714;14.492.371;1.611.507;774.273;3.596.303;463.746;7.830.154;705.412;1.425.488;6.741.636;3.199.554;8.661.717;3.261.149;3.851.675;9.042.628;3.208.146;2.123.146;14.350.149;20.049.606;3.626.715;16.369.202;42.567.884;10.707.981;6.410.994;10.945.738;2.515.165;3.131.554;6.179.057;2.666.594
abril, 2011;196.160.222;16.426.844;54.466.163;82.672.725;28.083.875;14.510.615;1.613.154;775.377;3.601.931;464.339;7.838.217;706.854;1.426.972;6.744.946;3.200.264;8.666.293;3.263.738;3.853.056;9.047.841;3.209.540;2.124.945;14.355.538;20.061.146;3.630.651;16.378.133;42.602.794;10.715.225;6.418.454;10.950.196;2.517.829;3.134.978;6.187.718;2.670.090
maio, 2011;196.303.321;16.446.820;54.492.547;82.732.041;28.103.049;14.528.864;1.614.802;776.481;3.607.556;464.955;7.846.275;708.295;1.428.455;6.748.259;3.200.977;8.670.876;3.266.326;3.854.446;9.053.056;3.210.933;2.126.744;14.360.930;20.072.687;3.634.589;16.387.074;42.637.692;10.722.475;6.425.921;10.954.654;2.520.494;3.138.407;6.196.376;2.673.586
junho, 2011;196.446.470;16.466.812;54.518.952;82.791.356;28.122.236;14.547.115;1.616.451;777.584;3.613.180;465.594;7.854.327;709.735;1.429.940;6.751.574;3.201.691;8.675.467;3.268.911;3.855.845;9.058.272;3.212.324;2.128.543;14.366.324;20.084.230;3.638.528;16.396.023;42.672.575;10.729.729;6.433.392;10.959.114;2.523.160;3.141.841;6.205.033;2.677.082
julho, 2011;196.589.667;16.486.819;54.545.376;82.850.667;28.141.434;14.565.370;1.618.102;778.687;3.618.801;466.255;7.862.375;711.175;1.431.424;6.754.892;3.202.407;8.680.064;3.271.495;3.857.252;9.063.491;3.213.713;2.130.342;14.371.719;20.095.774;3.642.469;16.404.980;42.707.445;10.736.989;6.440.870;10.963.575;2.525.826;3.145.278;6.213.687;2.680.580
agosto, 2011;196.732.907;16.506.842;54.571.819;82.909.975;28.160.643;14.583.628;1.619.753;779.789;3.624.421;466.938;7.870.417;712.614;1.432.909;6.758.212;3.203.124;8.684.669;3.274.077;3.858.667;9.068.711;3.215.101;2.132.141;14.377.117;20.107.319;3.646.411;16.413.945;42.742.300;10.744.254;6.448.353;10.968.036;2.528.492;3.148.719;6.222.340;2.684.078
setembro, 2011;196.876.190;16.526.880;54.598.280;82.969.277;28.179.863;14.601.889;1.621.406;780.891;3.630.038;467.643;7.878.454;714.053;1.434.395;6.761.535;3.203.842;8.689.280;3.276.657;3.860.091;9.073.933;3.216.487;2.133.940;14.382.516;20.118.865;3.650.355;16.422.918;42.777.140;10.751.524;6.455.841;10.972.498;2.531.159;3.152.164;6.230.990;2.687.576
outubro, 2011;197.019.511;16.546.933;54.624.760;83.028.573;28.199.094;14.620.152;1.623.060;781.993;3.635.654;468.370;7.886.485;715.491;1.435.880;6.764.860;3.204.563;8.693.898;3.279.235;3.861.522;9.079.156;3.217.871;2.135.739;14.387.916;20.130.411;3.654.300;16.431.898;42.811.964;10.758.798;6.463.335;10.976.961;2.533.826;3.155.613;6.239.637;2.691.075
novembro, 2011;197.162.868;16.566.999;54.651.256;83.087.862;28.218.334;14.638.417;1.624.715;783.094;3.641.267;469.118;7.894.512;716.928;1.437.366;6.768.188;3.205.284;8.698.522;3.281.811;3.862.962;9.084.381;3.219.253;2.137.537;14.393.317;20.141.958;3.658.246;16.440.886;42.846.772;10.766.077;6.470.833;10.981.425;2.536.494;3.159.066;6.248.282;2.694.575
dezembro, 2011;197.306.259;16.587.080;54.677.769;83.147.142;28.237.584;14.656.684;1.626.370;784.195;3.646.878;469.887;7.902.532;718.365;1.438.853;6.771.517;3.206.007;8.703.152;3.284.386;3.864.410;9.089.607;3.220.634;2.139.335;14.398.720;20.153.504;3.662.193;16.449.880;42.881.564;10.773.360;6.478.337;10.985.888;2.539.162;3.162.523;6.256.925;2.698.075
janeiro, 2012;197.449.680;16.607.174;54.704.297;83.206.412;28.256.843;14.674.953;1.628.027;785.296;3.652.487;470.677;7.910.548;719.800;1.440.339;6.774.849;3.206.731;8.707.789;3.286.958;3.865.865;9.094.834;3.222.013;2.141.134;14.404.123;20.165.049;3.666.142;16.458.882;42.916.339;10.780.647;6.485.845;10.990.352;2.541.830;3.165.983;6.265.564;2.701.575
fevereiro, 2012;197.593.128;16.627.281;54.730.841;83.265.672;28.276.111;14.693.223;1.629.685;786.396;3.658.093;471.487;7.918.557;721.236;1.441.826;6.778.183;3.207.456;8.712.432;3.289.528;3.867.329;9.100.063;3.223.390;2.142.931;14.409.528;20.176.595;3.670.091;16.467.889;42.951.096;10.787.937;6.493.358;10.994.816;2.544.499;3.169.447;6.274.201;2.705.076
março, 2012;197.736.601;16.647.401;54.757.399;83.324.920;28.295.387;14.711.495;1.631.343;787.496;3.663.698;472.319;7.926.562;722.670;1.443.314;6.781.519;3.208.183;8.717.081;3.292.096;3.868.799;9.105.292;3.224.766;2.144.729;14.414.932;20.188.139;3.674.042;16.476.903;42.985.836;10.795.232;6.500.875;10.999.279;2.547.168;3.172.915;6.282.835;2.708.577
abril, 2012;197.880.096;16.667.534;54.783.970;83.384.155;28.314.670;14.729.767;1.633.003;788.595;3.669.300;473.170;7.934.560;724.104;1.444.801;6.784.857;3.208.911;8.721.735;3.294.663;3.870.278;9.110.523;3.226.139;2.146.526;14.420.337;20.199.682;3.677.993;16.485.923;43.020.557;10.802.530;6.508.397;11.003.743;2.549.837;3.176.386;6.291.466;2.712.079
maio, 2012;198.023.610;16.687.678;54.810.555;83.443.376;28.333.961;14.748.040;1.634.663;789.694;3.674.900;474.042;7.942.553;725.537;1.446.289;6.788.197;3.209.640;8.726.395;3.297.227;3.871.764;9.115.754;3.227.511;2.148.324;14.425.742;20.211.223;3.681.946;16.494.948;43.055.259;10.809.832;6.515.923;11.008.206;2.552.506;3.179.860;6.300.094;2.715.580
junho, 2012;198.167.140;16.707.834;54.837.152;83.502.582;28.353.259;14.766.313;1.636.324;790.793;3.680.497;474.933;7.950.540;726.970;1.447.777;6.791.539;3.210.370;8.731.061;3.299.789;3.873.257;9.120.987;3.228.881;2.150.120;14.431.148;20.222.763;3.685.899;16.503.979;43.089.941;10.817.137;6.523.453;11.012.668;2.555.175;3.183.338;6.308.718;2.719.082
julho, 2012;198.310.684;16.728.002;54.863.761;83.561.772;28.372.563;14.784.587;1.637.986;791.891;3.686.093;475.844;7.958.522;728.401;1.449.265;6.794.883;3.211.102;8.735.731;3.302.349;3.874.758;9.126.220;3.230.250;2.151.917;14.436.553;20.234.301;3.689.853;16.513.014;43.124.603;10.824.445;6.530.987;11.017.130;2.557.844;3.186.818;6.317.340;2.722.584
agosto, 2012;198.454.239;16.748.180;54.890.381;83.620.944;28.391.873;14.802.860;1.639.649;792.988;3.691.685;476.775;7.966.498;729.832;1.450.753;6.798.228;3.211.834;8.740.407;3.304.907;3.876.265;9.131.453;3.231.616;2.153.713;14.441.958;20.245.836;3.693.808;16.522.055;43.159.245;10.831.756;6.538.525;11.021.591;2.560.514;3.190.302;6.325.958;2.726.086
setembro, 2012;198.597.801;16.768.370;54.917.012;83.680.098;28.411.188;14.821.133;1.641.312;794.085;3.697.276;477.724;7.974.468;731.263;1.452.241;6.801.575;3.212.568;8.745.088;3.307.462;3.877.780;9.136.687;3.232.981;2.155.508;14.447.362;20.257.369;3.697.763;16.531.100;43.193.866;10.839.070;6.546.066;11.026.052;2.563.183;3.193.790;6.334.572;2.729.588
outubro, 2012;198.741.368;16.788.569;54.943.652;83.739.233;28.430.508;14.839.406;1.642.976;795.182;3.702.863;478.692;7.982.432;732.692;1.453.730;6.804.924;3.213.302;8.749.774;3.310.016;3.879.302;9.141.922;3.234.344;2.157.304;14.452.766;20.268.899;3.701.719;16.540.149;43.228.466;10.846.386;6.553.611;11.030.511;2.565.853;3.197.280;6.343.183;2.733.090
novembro, 2012;198.884.937;16.808.778;54.970.302;83.798.346;28.449.833;14.857.677;1.644.641;796.279;3.708.449;479.680;7.990.390;734.121;1.455.219;6.808.274;3.214.037;8.754.465;3.312.567;3.880.830;9.147.156;3.235.705;2.159.098;14.458.169;20.280.426;3.705.675;16.549.202;43.263.044;10.853.705;6.561.159;11.034.969;2.568.522;3.200.773;6.351.790;2.736.592
dezembro, 2012;199.028.505;16.828.997;54.996.959;83.857.439;28.469.162;14.875.948;1.646.306;797.374;3.714.032;480.685;7.998.343;735.549;1.456.708;6.811.625;3.214.774;8.759.160;3.315.116;3.882.366;9.152.391;3.237.064;2.160.893;14.463.571;20.291.950;3.709.632;16.558.259;43.297.599;10.861.026;6.568.711;11.039.425;2.571.192;3.204.269;6.360.394;2.740.094
janeiro, 2013;199.172.070;16.849.225;55.023.625;83.916.508;28.488.495;14.894.217;1.647.972;798.470;3.719.612;481.709;8.006.289;736.977;1.458.196;6.814.979;3.215.511;8.763.860;3.317.663;3.883.908;9.157.627;3.238.421;2.162.687;14.468.972;20.303.470;3.713.589;16.567.319;43.332.131;10.868.349;6.576.265;11.043.880;2.573.861;3.207.768;6.368.993;2.743.595
fevereiro, 2013;199.315.629;16.869.462;55.050.298;83.975.554;28.507.831;14.912.484;1.649.639;799.565;3.725.190;482.751;8.014.229;738.403;1.459.685;6.818.333;3.216.249;8.768.564;3.320.207;3.885.457;9.162.862;3.239.776;2.164.480;14.474.371;20.314.986;3.717.546;16.576.382;43.366.640;10.875.674;6.583.823;11.048.334;2.576.530;3.211.269;6.377.589;2.747.097
março, 2013;199.459.179;16.889.707;55.076.977;84.034.574;28.527.170;14.930.750;1.651.306;800.659;3.730.765;483.810;8.022.164;739.829;1.461.174;6.821.689;3.216.987;8.773.272;3.322.749;3.887.012;9.168.097;3.241.130;2.166.273;14.479.769;20.326.498;3.721.504;16.585.448;43.401.125;10.883.001;6.591.383;11.052.785;2.579.198;3.214.773;6.386.180;2.750.598
abril, 2013;199.602.716;16.909.961;55.103.662;84.093.569;28.546.511;14.949.013;1.652.973;801.753;3.736.337;484.888;8.030.092;741.254;1.462.663;6.825.046;3.217.727;8.777.984;3.325.289;3.888.574;9.173.332;3.242.481;2.168.065;14.485.165;20.338.005;3.725.462;16.594.517;43.435.586;10.890.330;6.598.946;11.057.235;2.581.867;3.218.280;6.394.768;2.754.099
maio, 2013;199.746.239;16.930.222;55.130.352;84.152.536;28.565.854;14.967.275;1.654.641;802.847;3.741.907;485.982;8.038.014;742.679;1.464.153;6.828.404;3.218.467;8.782.700;3.327.827;3.890.142;9.178.566;3.243.831;2.169.856;14.490.560;20.349.508;3.729.419;16.603.588;43.470.021;10.897.660;6.606.511;11.061.683;2.584.535;3.221.789;6.403.351;2.757.600
junho, 2013;199.889.744;16.950.490;55.157.047;84.211.475;28.585.198;14.985.533;1.656.309;803.940;3.747.474;487.094;8.045.929;744.102;1.465.642;6.831.763;3.219.208;8.787.420;3.330.362;3.891.716;9.183.801;3.245.179;2.171.647;14.495.953;20.361.005;3.733.378;16.612.661;43.504.432;10.904.991;6.614.079;11.066.129;2.587.203;3.225.301;6.411.929;2.761.100
julho, 2013;200.033.229;16.970.766;55.183.745;84.270.385;28.604.544;15.003.789;1.657.978;805.033;3.753.038;488.222;8.053.839;745.525;1.467.131;6.835.123;3.219.949;8.792.143;3.332.894;3.893.296;9.189.035;3.246.524;2.173.438;14.501.343;20.372.498;3.737.336;16.621.735;43.538.816;10.912.323;6.621.649;11.070.572;2.589.871;3.228.815;6.420.503;2.764.599
agosto, 2013;200.176.690;16.991.048;55.210.447;84.329.264;28.623.890;15.022.041;1.659.647;806.125;3.758.600;489.367;8.061.742;746.947;1.468.620;6.838.484;3.220.691;8.796.870;3.335.425;3.894.882;9.194.268;3.247.868;2.175.227;14.506.731;20.383.985;3.741.293;16.630.812;43.573.174;10.919.656;6.629.221;11.075.013;2.592.538;3.232.331;6.429.073;2.768.099
setembro, 2013;200.320.126;17.011.337;55.237.151;84.388.112;28.643.236;15.040.290;1.661.316;807.217;3.764.159;490.529;8.069.639;748.368;1.470.109;6.841.846;3.221.434;8.801.600;3.337.952;3.896.475;9.199.501;3.249.210;2.177.016;14.512.117;20.395.466;3.745.251;16.639.889;43.607.505;10.926.990;6.636.795;11.079.451;2.595.205;3.235.850;6.437.638;2.771.597
outubro, 2013;200.463.532;17.031.631;55.263.857;84.446.927;28.662.582;15.058.535;1.662.986;808.308;3.769.715;491.707;8.077.530;749.789;1.471.597;6.845.209;3.222.177;8.806.333;3.340.478;3.898.073;9.204.733;3.250.550;2.178.804;14.517.500;20.406.941;3.749.209;16.648.968;43.641.809;10.934.324;6.644.371;11.083.887;2.597.871;3.239.371;6.446.198;2.775.095
novembro, 2013;200.606.907;17.051.931;55.290.564;84.505.708;28.681.927;15.076.777;1.664.656;809.398;3.775.268;492.901;8.085.414;751.208;1.473.086;6.848.573;3.222.921;8.811.069;3.343.001;3.899.676;9.209.964;3.251.888;2.180.592;14.522.880;20.418.409;3.753.166;16.658.047;43.676.086;10.941.659;6.651.948;11.088.320;2.600.537;3.242.894;6.454.754;2.778.593
dezembro, 2013;200.750.247;17.072.236;55.317.272;84.564.454;28.701.270;15.095.014;1.666.326;810.489;3.780.818;494.110;8.093.292;752.627;1.474.575;6.851.938;3.223.665;8.815.808;3.345.521;3.901.286;9.215.194;3.253.224;2.182.378;14.528.258;20.429.871;3.757.123;16.667.126;43.710.333;10.948.994;6.659.527;11.092.749;2.603.202;3.246.419;6.463.304;2.782.090
janeiro, 2014;200.893.550;17.092.546;55.343.979;84.623.165;28.720.612;15.113.247;1.667.996;811.578;3.786.365;495.335;8.101.163;754.045;1.476.064;6.855.303;3.224.409;8.820.550;3.348.039;3.902.901;9.220.424;3.254.558;2.184.164;14.533.632;20.441.326;3.761.080;16.676.206;43.744.552;10.956.329;6.667.107;11.097.176;2.605.867;3.249.946;6.471.850;2.785.586
fevereiro, 2014;201.036.812;17.112.861;55.370.685;84.681.838;28.739.952;15.131.476;1.669.667;812.667;3.791.910;496.576;8.109.027;755.462;1.477.552;6.858.669;3.225.154;8.825.294;3.350.554;3.904.521;9.225.652;3.255.890;2.185.949;14.539.003;20.452.774;3.765.036;16.685.285;43.778.742;10.963.665;6.674.688;11.101.599;2.608.531;3.253.474;6.480.390;2.789.081
março, 2014;201.180.032;17.133.180;55.397.390;84.740.473;28.759.290;15.149.699;1.671.337;813.756;3.797.451;497.831;8.116.885;756.878;1.479.040;6.862.035;3.225.899;8.830.041;3.353.066;3.906.147;9.230.879;3.257.220;2.187.734;14.544.370;20.464.215;3.768.992;16.694.364;43.812.902;10.970.999;6.682.271;11.106.019;2.611.194;3.257.005;6.488.925;2.792.575
abril, 2014;201.323.206;17.153.502;55.424.093;84.799.069;28.778.624;15.167.917;1.673.008;814.844;3.802.989;499.102;8.124.737;758.294;1.480.528;6.865.402;3.226.645;8.834.790;3.355.576;3.907.778;9.236.104;3.258.548;2.189.517;14.549.734;20.475.648;3.772.947;16.703.443;43.847.031;10.978.334;6.689.854;11.110.436;2.613.857;3.260.537;6.497.454;2.796.069
maio, 2014;201.466.331;17.173.828;55.450.793;84.857.625;28.797.955;15.186.130;1.674.679;815.932;3.808.525;500.387;8.132.582;759.708;1.482.016;6.868.769;3.227.391;8.839.541;3.358.083;3.909.414;9.241.329;3.259.874;2.191.300;14.555.093;20.487.072;3.776.902;16.712.520;43.881.130;10.985.668;6.697.439;11.114.849;2.616.519;3.264.071;6.505.979;2.799.562
junho, 2014;201.609.404;17.194.157;55.477.490;84.916.139;28.817.282;15.204.337;1.676.349;817.019;3.814.057;501.686;8.140.420;761.122;1.483.504;6.872.136;3.228.136;8.844.294;3.360.588;3.911.056;9.246.552;3.261.198;2.193.081;14.560.449;20.498.489;3.780.856;16.721.596;43.915.198;10.993.001;6.705.023;11.119.257;2.619.180;3.267.606;6.514.497;2.803.053
julho, 2014;201.752.424;17.214.488;55.504.182;84.974.610;28.836.604;15.222.538;1.678.020;818.105;3.819.586;503.000;8.148.251;762.535;1.484.991;6.875.504;3.228.883;8.849.049;3.363.090;3.912.702;9.251.773;3.262.520;2.194.862;14.565.801;20.509.897;3.784.809;16.730.671;43.949.233;11.000.333;6.712.609;11.123.662;2.621.840;3.271.143;6.523.010;2.806.544
agosto, 2014;201.895.386;17.234.822;55.530.870;85.033.038;28.855.922;15.240.733;1.679.691;819.191;3.825.112;504.327;8.156.075;763.947;1.486.479;6.878.872;3.229.629;8.853.806;3.365.589;3.914.353;9.256.992;3.263.840;2.196.641;14.571.148;20.521.296;3.788.762;16.739.744;43.983.237;11.007.664;6.720.194;11.128.063;2.624.500;3.274.682;6.531.518;2.810.034
setembro, 2014;202.038.288;17.255.158;55.557.552;85.091.421;28.875.235;15.258.922;1.681.362;820.277;3.830.635;505.669;8.163.893;765.358;1.487.965;6.882.240;3.230.375;8.858.564;3.368.085;3.916.009;9.262.210;3.265.157;2.198.420;14.576.491;20.532.686;3.792.713;16.748.815;44.017.207;11.014.994;6.727.780;11.132.460;2.627.158;3.278.222;6.540.019;2.813.522
outubro, 2014;202.181.128;17.275.496;55.584.228;85.149.759;28.894.541;15.277.103;1.683.032;821.361;3.836.155;507.023;8.171.703;766.769;1.489.452;6.885.608;3.231.121;8.863.324;3.370.579;3.917.669;9.267.426;3.266.473;2.200.198;14.581.830;20.544.067;3.796.664;16.757.883;44.051.145;11.022.323;6.735.366;11.136.852;2.629.816;3.281.763;6.548.515;2.817.010
novembro, 2014;202.323.901;17.295.835;55.610.897;85.208.049;28.913.842;15.295.278;1.684.702;822.446;3.841.671;508.392;8.179.507;768.178;1.490.938;6.888.977;3.231.868;8.868.085;3.373.070;3.919.334;9.272.640;3.267.786;2.201.974;14.587.163;20.555.439;3.800.613;16.766.949;44.085.049;11.029.650;6.742.952;11.141.240;2.632.473;3.285.305;6.557.004;2.820.496
dezembro, 2014;202.466.607;17.316.174;55.637.559;85.266.292;28.933.136;15.313.446;1.686.373;823.529;3.847.184;509.773;8.187.304;769.587;1.492.424;6.892.345;3.232.614;8.872.847;3.375.558;3.921.004;9.277.852;3.269.098;2.203.750;14.592.492;20.566.800;3.804.562;16.776.012;44.118.918;11.036.975;6.750.538;11.145.623;2.635.129;3.288.849;6.565.488;2.823.981
janeiro, 2015;202.609.241;17.336.514;55.664.213;85.324.485;28.952.423;15.331.606;1.688.043;824.613;3.852.694;511.167;8.195.094;770.994;1.493.910;6.895.713;3.233.361;8.877.610;3.378.043;3.922.678;9.283.062;3.270.407;2.205.524;14.597.815;20.578.151;3.808.509;16.785.072;44.152.753;11.044.298;6.758.123;11.150.002;2.637.784;3.292.393;6.573.965;2.827.464
fevereiro, 2015;202.751.801;17.356.855;55.690.858;85.382.628;28.971.702;15.349.759;1.689.712;825.695;3.858.201;512.573;8.202.876;772.401;1.495.396;6.899.081;3.234.107;8.882.374;3.380.525;3.924.357;9.288.269;3.271.714;2.207.297;14.603.133;20.589.492;3.812.455;16.794.128;44.186.553;11.051.619;6.765.708;11.154.375;2.640.437;3.295.939;6.582.436;2.830.947
março, 2015;202.894.285;17.377.195;55.717.493;85.440.719;28.990.974;15.367.903;1.691.382;826.777;3.863.704;513.992;8.210.652;773.807;1.496.880;6.902.449;3.234.853;8.887.138;3.383.005;3.926.039;9.293.475;3.273.019;2.209.069;14.608.445;20.600.822;3.816.400;16.803.181;44.220.316;11.058.938;6.773.292;11.158.744;2.643.090;3.299.485;6.590.900;2.834.428
abril, 2015;203.036.688;17.397.534;55.744.118;85.498.759;29.010.237;15.386.040;1.693.051;827.859;3.869.204;515.423;8.218.421;775.212;1.498.365;6.905.816;3.235.599;8.891.903;3.385.481;3.927.726;9.298.678;3.274.322;2.210.840;14.613.752;20.612.141;3.820.344;16.812.229;44.254.044;11.066.254;6.780.876;11.163.107;2.645.742;3.303.033;6.599.358;2.837.907
maio, 2015;203.179.009;17.417.873;55.770.733;85.556.744;29.029.491;15.404.168;1.694.720;828.939;3.874.700;516.866;8.226.182;776.616;1.499.849;6.909.184;3.236.345;8.896.669;3.387.955;3.929.416;9.303.878;3.275.623;2.212.610;14.619.053;20.623.449;3.824.286;16.821.274;44.287.735;11.073.568;6.788.458;11.167.465;2.648.392;3.306.581;6.607.810;2.841.385
junho, 2015;203.321.245;17.438.211;55.797.336;85.614.675;29.048.736;15.422.287;1.696.389;830.020;3.880.193;518.321;8.233.936;778.019;1.501.333;6.912.550;3.237.090;8.901.435;3.390.426;3.931.111;9.309.075;3.276.922;2.214.379;14.624.348;20.634.745;3.828.227;16.830.314;44.321.389;11.080.879;6.796.039;11.171.817;2.651.041;3.310.130;6.616.254;2.844.862
julho, 2015;203.463.392;17.458.546;55.823.927;85.672.551;29.067.971;15.440.397;1.698.057;831.099;3.885.683;519.787;8.241.682;779.421;1.502.816;6.915.917;3.237.835;8.906.200;3.392.893;3.932.809;9.314.270;3.278.218;2.216.146;14.629.637;20.646.030;3.832.167;16.839.349;44.355.005;11.088.188;6.803.620;11.176.164;2.653.689;3.313.679;6.624.692;2.848.336
agosto, 2015;203.605.449;17.478.880;55.850.505;85.730.369;29.087.196;15.458.498;1.699.724;832.178;3.891.169;521.265;8.249.422;780.823;1.504.299;6.919.282;3.238.580;8.910.966;3.395.358;3.934.511;9.319.463;3.279.512;2.217.912;14.634.920;20.657.303;3.836.104;16.848.379;44.388.583;11.095.493;6.811.198;11.180.505;2.656.336;3.317.230;6.633.123;2.851.810
setembro, 2015;203.747.412;17.499.211;55.877.070;85.788.130;29.106.411;15.476.590;1.701.392;833.257;3.896.652;522.753;8.257.154;782.223;1.505.781;6.922.647;3.239.325;8.915.732;3.397.819;3.936.217;9.324.652;3.280.805;2.219.677;14.640.196;20.668.563;3.840.041;16.857.404;44.422.123;11.102.795;6.818.776;11.184.841;2.658.981;3.320.780;6.641.547;2.855.281
outubro, 2015;203.889.278;17.519.540;55.903.620;85.845.831;29.125.614;15.494.672;1.703.058;834.335;3.902.131;524.253;8.264.878;783.622;1.507.263;6.926.012;3.240.069;8.920.497;3.400.278;3.937.927;9.329.838;3.282.094;2.221.440;14.645.465;20.679.811;3.843.975;16.866.423;44.455.623;11.110.093;6.826.351;11.189.170;2.661.625;3.324.331;6.649.964;2.858.751
novembro, 2015;204.031.044;17.539.866;55.930.156;85.903.473;29.144.806;15.512.744;1.704.724;835.412;3.907.606;525.762;8.272.596;785.021;1.508.745;6.929.376;3.240.812;8.925.262;3.402.733;3.939.639;9.335.021;3.283.382;2.223.203;14.650.728;20.691.045;3.847.908;16.875.436;44.489.083;11.117.388;6.833.925;11.193.493;2.664.268;3.327.883;6.658.374;2.862.219
dezembro, 2015;204.172.708;17.560.188;55.956.677;85.961.053;29.163.986;15.530.805;1.706.390;836.488;3.913.078;527.283;8.280.305;786.418;1.510.226;6.932.739;3.241.555;8.930.027;3.405.186;3.941.355;9.340.201;3.284.667;2.224.963;14.655.983;20.702.267;3.851.839;16.884.443;44.522.504;11.124.679;6.841.497;11.197.810;2.666.909;3.331.434;6.666.776;2.865.686
janeiro, 2016;204.314.268;17.580.506;55.983.181;86.018.571;29.183.153;15.548.856;1.708.055;837.564;3.918.546;528.813;8.288.007;787.815;1.511.706;6.936.101;3.242.298;8.934.790;3.407.635;3.943.075;9.345.378;3.285.951;2.226.723;14.661.232;20.713.476;3.855.768;16.893.444;44.555.884;11.131.966;6.849.067;11.202.120;2.669.548;3.334.986;6.675.171;2.869.150
fevereiro, 2016;204.455.719;17.600.820;56.009.669;86.076.025;29.202.308;15.566.897;1.709.719;838.640;3.924.010;530.353;8.295.702;789.210;1.513.186;6.939.462;3.243.040;8.939.553;3.410.081;3.944.797;9.350.551;3.287.232;2.228.481;14.666.473;20.724.670;3.859.695;16.902.438;44.589.222;11.139.249;6.856.635;11.206.424;2.672.187;3.338.538;6.683.559;2.872.613
março, 2016;204.597.060;17.621.130;56.036.139;86.133.415;29.221.449;15.584.926;1.711.383;839.714;3.929.471;531.903;8.303.389;790.605;1.514.665;6.942.822;3.243.782;8.944.314;3.412.524;3.946.523;9.355.721;3.288.510;2.230.237;14.671.706;20.735.851;3.863.620;16.911.425;44.622.519;11.146.528;6.864.200;11.210.721;2.674.823;3.342.091;6.691.939;2.876.073
abril, 2016;204.738.287;17.641.435;56.062.591;86.190.740;29.240.577;15.602.944;1.713.046;840.788;3.934.928;533.463;8.311.068;791.998;1.516.143;6.946.181;3.244.522;8.949.075;3.414.963;3.948.251;9.360.888;3.289.787;2.231.992;14.676.932;20.747.017;3.867.543;16.920.404;44.655.775;11.153.802;6.871.763;11.215.011;2.677.458;3.345.643;6.700.311;2.879.532
maio, 2016;204.879.397;17.661.734;56.089.025;86.247.997;29.259.690;15.620.951;1.714.708;841.862;3.940.381;535.031;8.318.739;793.391;1.517.621;6.949.539;3.245.263;8.953.834;3.417.400;3.949.982;9.366.050;3.291.061;2.233.746;14.682.150;20.758.169;3.871.465;16.929.376;44.688.987;11.161.072;6.879.323;11.219.295;2.680.092;3.349.195;6.708.676;2.882.988
junho, 2016;205.020.388;17.682.028;56.115.439;86.305.187;29.278.788;15.638.946;1.716.370;842.935;3.945.831;536.609;8.326.403;794.782;1.519.098;6.952.896;3.246.002;8.958.591;3.419.833;3.951.716;9.371.209;3.292.333;2.235.498;14.687.361;20.769.307;3.875.383;16.938.341;44.722.156;11.168.337;6.886.880;11.223.571;2.682.723;3.352.747;6.717.033;2.886.443
julho, 2016;205.161.258;17.702.316;56.141.833;86.362.308;29.297.872;15.656.929;1.718.031;844.007;3.951.276;538.195;8.334.059;796.173;1.520.575;6.956.252;3.246.741;8.963.347;3.422.263;3.953.453;9.376.364;3.293.602;2.237.248;14.692.563;20.780.429;3.879.300;16.947.297;44.755.282;11.175.597;6.894.435;11.227.840;2.685.354;3.356.299;6.725.381;2.889.895
agosto, 2016;205.302.002;17.722.598;56.168.206;86.419.359;29.316.940;15.674.899;1.719.691;845.078;3.956.718;539.790;8.341.707;797.562;1.522.051;6.959.606;3.247.479;8.968.102;3.424.689;3.955.193;9.381.515;3.294.870;2.238.997;14.697.756;20.791.536;3.883.214;16.956.245;44.788.364;11.182.852;6.901.986;11.232.101;2.687.982;3.359.850;6.733.722;2.893.345
setembro, 2016;205.442.619;17.742.873;56.194.558;86.476.339;29.335.992;15.692.857;1.721.350;846.149;3.962.156;541.394;8.349.347;798.951;1.523.526;6.962.959;3.248.216;8.972.854;3.427.112;3.956.934;9.386.662;3.296.134;2.240.744;14.702.941;20.802.627;3.887.126;16.965.184;44.821.401;11.190.102;6.909.534;11.236.355;2.690.609;3.363.401;6.742.054;2.896.793
outubro, 2016;205.583.105;17.763.141;56.220.888;86.533.247;29.355.027;15.710.803;1.723.008;847.219;3.967.590;543.005;8.356.980;800.339;1.525.001;6.966.311;3.248.952;8.977.604;3.429.532;3.958.679;9.391.805;3.297.397;2.242.490;14.708.118;20.813.703;3.891.036;16.974.115;44.854.393;11.197.346;6.917.079;11.240.602;2.693.233;3.366.952;6.750.379;2.900.239
novembro, 2016;205.723.458;17.783.401;56.247.195;86.590.081;29.374.046;15.728.735;1.724.665;848.288;3.973.020;544.624;8.364.604;801.725;1.526.474;6.969.661;3.249.687;8.982.352;3.431.949;3.960.425;9.396.944;3.298.657;2.244.234;14.713.285;20.824.762;3.894.943;16.983.036;44.887.340;11.204.585;6.924.621;11.244.840;2.695.856;3.370.502;6.758.695;2.903.682
dezembro, 2016;205.863.675;17.803.654;56.273.479;86.646.841;29.393.047;15.746.654;1.726.321;849.357;3.978.446;546.251;8.372.220;803.110;1.527.948;6.973.009;3.250.422;8.987.098;3.434.362;3.962.174;9.402.079;3.299.915;2.245.976;14.718.444;20.835.805;3.898.847;16.991.948;44.920.240;11.211.818;6.932.158;11.249.071;2.698.477;3.374.052;6.767.002;2.907.123
janeiro, 2017;206.003.753;17.823.899;56.299.738;86.703.526;29.412.031;15.764.560;1.727.977;850.425;3.983.868;547.885;8.379.828;804.495;1.529.420;6.976.356;3.251.155;8.991.841;3.436.772;3.963.925;9.407.209;3.301.171;2.247.717;14.723.593;20.846.832;3.902.749;17.000.850;44.953.094;11.219.045;6.939.692;11.253.294;2.701.097;3.377.601;6.775.301;2.910.561
fevereiro, 2017;206.143.689;17.844.135;56.325.973;86.760.133;29.430.996;15.782.451;1.729.631;851.493;3.989.286;549.527;8.387.429;805.878;1.530.891;6.979.701;3.251.887;8.996.582;3.439.178;3.965.677;9.412.334;3.302.424;2.249.456;14.728.733;20.857.841;3.906.648;17.009.742;44.985.901;11.226.266;6.947.222;11.257.508;2.703.714;3.381.149;6.783.591;2.913.997
março, 2017;206.283.480;17.864.362;56.352.183;86.816.664;29.449.943;15.800.329;1.731.284;852.559;3.994.700;551.175;8.395.021;807.261;1.532.362;6.983.045;3.252.619;9.001.320;3.441.581;3.967.432;9.417.455;3.303.675;2.251.193;14.733.864;20.868.833;3.910.545;17.018.624;45.018.661;11.233.481;6.954.748;11.261.714;2.706.329;3.384.696;6.791.873;2.917.431
abril, 2017;206.423.124;17.884.580;56.378.367;86.873.115;29.468.870;15.818.192;1.732.936;853.625;4.000.110;552.830;8.402.604;808.642;1.533.832;6.986.387;3.253.349;9.006.054;3.443.980;3.969.189;9.422.571;3.304.923;2.252.929;14.738.985;20.879.808;3.914.439;17.027.496;45.051.373;11.240.689;6.962.270;11.265.912;2.708.942;3.388.243;6.800.145;2.920.862
maio, 2017;206.562.618;17.904.789;56.404.523;86.929.487;29.487.778;15.836.041;1.734.587;854.691;4.005.515;554.492;8.410.180;810.022;1.535.301;6.989.726;3.254.078;9.010.786;3.446.375;3.970.947;9.427.683;3.306.169;2.254.662;14.744.096;20.890.765;3.918.329;17.036.356;45.084.036;11.247.891;6.969.787;11.270.101;2.711.554;3.391.789;6.808.409;2.924.290
junho, 2017;206.701.959;17.924.987;56.430.653;86.985.777;29.506.666;15.853.875;1.736.237;855.755;4.010.917;556.160;8.417.747;811.401;1.536.769;6.993.064;3.254.806;9.015.515;3.448.768;3.972.707;9.432.789;3.307.413;2.256.394;14.749.197;20.901.704;3.922.217;17.045.206;45.116.650;11.255.085;6.977.300;11.274.281;2.714.163;3.395.333;6.816.664;2.927.716
julho, 2017;206.841.144;17.945.175;56.456.755;87.041.986;29.525.533;15.871.694;1.737.886;856.819;4.016.314;557.834;8.425.306;812.779;1.538.237;6.996.400;3.255.533;9.020.240;3.451.156;3.974.468;9.437.891;3.308.654;2.258.124;14.754.288;20.912.625;3.926.102;17.054.044;45.149.214;11.262.273;6.984.808;11.278.452;2.716.770;3.398.877;6.824.909;2.931.139
agosto, 2017;206.980.170;17.965.353;56.482.828;87.098.111;29.544.380;15.889.498;1.739.533;857.882;4.021.707;559.514;8.432.857;814.156;1.539.703;6.999.734;3.256.258;9.024.962;3.453.541;3.976.231;9.442.987;3.309.893;2.259.853;14.759.368;20.923.527;3.929.984;17.062.871;45.181.729;11.269.454;6.992.311;11.282.614;2.719.374;3.402.419;6.833.145;2.934.559
setembro, 2017;207.119.034;17.985.520;56.508.871;87.154.152;29.563.205;15.907.286;1.741.180;858.945;4.027.096;561.200;8.440.399;815.532;1.541.169;7.003.066;3.256.982;9.029.680;3.455.923;3.977.995;9.448.079;3.311.129;2.261.579;14.764.438;20.934.411;3.933.863;17.071.685;45.214.193;11.276.628;6.999.810;11.286.768;2.721.977;3.405.961;6.841.372;2.937.976
outubro, 2017;207.257.734;18.005.675;56.534.885;87.210.108;29.582.008;15.925.059;1.742.824;860.006;4.032.480;562.891;8.447.932;816.907;1.542.634;7.006.395;3.257.705;9.034.394;3.458.300;3.979.760;9.453.165;3.312.363;2.263.303;14.769.498;20.945.275;3.937.739;17.080.488;45.246.606;11.283.794;7.007.303;11.290.911;2.724.577;3.409.501;6.849.590;2.941.391
novembro, 2017;207.396.267;18.025.818;56.560.867;87.265.977;29.600.789;15.942.815;1.744.468;861.067;4.037.861;564.587;8.455.458;818.281;1.544.097;7.009.723;3.258.427;9.039.105;3.460.675;3.981.527;9.458.246;3.313.595;2.265.026;14.774.546;20.956.120;3.941.611;17.089.278;45.278.968;11.290.952;7.014.791;11.295.046;2.727.175;3.413.039;6.857.798;2.944.803
dezembro, 2017;207.534.630;18.045.950;56.586.819;87.321.759;29.619.547;15.960.555;1.746.110;862.127;4.043.237;566.288;8.462.974;819.653;1.545.560;7.013.048;3.259.147;9.043.811;3.463.045;3.983.294;9.463.321;3.314.824;2.266.746;14.779.584;20.966.945;3.945.480;17.098.055;45.311.278;11.298.103;7.022.274;11.299.170;2.729.771;3.416.576;6.865.996;2.948.211
janeiro, 2018;207.672.820;18.066.069;56.612.739;87.377.452;29.638.283;15.978.278;1.747.751;863.187;4.048.608;567.994;8.470.482;821.025;1.547.022;7.016.370;3.259.865;9.048.513;3.465.412;3.985.063;9.468.390;3.316.050;2.268.465;14.784.610;20.977.751;3.949.346;17.106.820;45.343.536;11.305.246;7.029.751;11.303.285;2.732.364;3.420.112;6.874.185;2.951.617
fevereiro, 2018;207.810.834;18.086.175;56.638.625;87.433.055;29.656.994;15.995.985;1.749.391;864.246;4.053.975;569.704;8.477.982;822.395;1.548.483;7.019.691;3.260.583;9.053.211;3.467.775;3.986.832;9.473.455;3.317.274;2.270.181;14.789.625;20.988.536;3.953.208;17.115.571;45.375.740;11.312.381;7.037.223;11.307.391;2.734.955;3.423.646;6.882.364;2.955.020
março, 2018;207.948.670;18.106.268;56.664.479;87.488.567;29.675.682;16.013.675;1.751.029;865.304;4.059.338;571.419;8.485.472;823.764;1.549.942;7.023.008;3.261.298;9.057.904;3.470.134;3.988.602;9.478.513;3.318.496;2.271.895;14.794.628;20.999.301;3.957.067;17.124.308;45.407.891;11.319.507;7.044.689;11.311.486;2.737.544;3.427.178;6.890.533;2.958.419
abril, 2018;208.086.325;18.126.347;56.690.299;87.543.988;29.694.345;16.031.347;1.752.665;866.361;4.064.696;573.137;8.492.955;825.132;1.551.401;7.026.324;3.262.012;9.062.593;3.472.489;3.990.373;9.483.565;3.319.715;2.273.608;14.799.620;21.010.045;3.960.922;17.133.032;45.439.989;11.326.625;7.052.149;11.315.571;2.740.130;3.430.709;6.898.692;2.961.816
maio, 2018;208.223.796;18.146.413;56.716.084;87.599.315;29.712.983;16.049.001;1.754.300;867.417;4.070.050;574.860;8.500.428;826.499;1.552.859;7.029.636;3.262.725;9.067.277;3.474.841;3.992.144;9.488.612;3.320.931;2.275.318;14.804.600;21.020.768;3.964.774;17.141.742;45.472.031;11.333.735;7.059.602;11.319.646;2.742.714;3.434.238;6.906.841;2.965.209
junho, 2018;208.361.079;18.166.464;56.741.833;87.654.548;29.731.595;16.066.638;1.755.934;868.473;4.075.399;576.586;8.507.892;827.865;1.554.316;7.032.946;3.263.436;9.071.955;3.477.188;3.993.916;9.493.653;3.322.145;2.277.026;14.809.568;21.031.470;3.968.622;17.150.437;45.504.019;11.340.835;7.067.050;11.323.710;2.745.295;3.437.765;6.914.979;2.968.599
julho, 2018;208.498.173;18.186.501;56.767.547;87.709.686;29.750.182;16.084.257;1.757.566;869.528;4.080.743;578.315;8.515.348;829.230;1.555.771;7.036.253;3.264.145;9.076.629;3.479.532;3.995.688;9.498.687;3.323.357;2.278.732;14.814.524;21.042.150;3.972.466;17.159.118;45.535.952;11.347.927;7.074.491;11.327.764;2.747.873;3.441.290;6.923.108;2.971.986
agosto, 2018;208.635.074;18.206.522;56.793.224;87.764.728;29.768.743;16.101.857;1.759.196;870.582;4.086.083;580.047;8.522.795;830.593;1.557.226;7.039.558;3.264.852;9.081.298;3.481.872;3.997.460;9.503.715;3.324.565;2.280.436;14.819.467;21.052.809;3.976.306;17.167.784;45.567.829;11.355.010;7.081.926;11.331.807;2.750.449;3.444.813;6.931.225;2.975.369
setembro, 2018;208.771.780;18.226.529;56.818.864;87.819.672;29.787.277;16.119.439;1.760.825;871.635;4.091.419;581.783;8.530.233;831.956;1.558.679;7.042.859;3.265.558;9.085.961;3.484.208;3.999.233;9.508.737;3.325.772;2.282.138;14.824.398;21.063.445;3.980.143;17.176.434;45.599.649;11.362.083;7.089.354;11.335.839;2.753.022;3.448.334;6.939.333;2.978.749
outubro, 2018;208.908.287;18.246.519;56.844.465;87.874.518;29.805.783;16.137.002;1.762.452;872.688;4.096.749;583.521;8.537.661;833.317;1.560.131;7.046.158;3.266.262;9.090.618;3.486.540;4.001.005;9.513.753;3.326.976;2.283.837;14.829.316;21.074.060;3.983.976;17.185.069;45.631.413;11.369.147;7.096.776;11.339.861;2.755.593;3.451.853;6.947.430;2.982.126
novembro, 2018;209.044.594;18.266.494;56.870.029;87.929.264;29.824.262;16.154.546;1.764.077;873.740;4.102.075;585.261;8.545.081;834.677;1.561.583;7.049.453;3.266.964;9.095.270;3.488.869;4.002.778;9.518.762;3.328.177;2.285.535;14.834.222;21.084.651;3.987.804;17.193.689;45.663.119;11.376.201;7.104.190;11.343.871;2.758.161;3.455.370;6.955.516;2.985.499
dezembro, 2018;209.180.697;18.286.452;56.895.553;87.983.909;29.842.713;16.172.070;1.765.700;874.791;4.107.397;587.004;8.552.492;836.036;1.563.032;7.052.746;3.267.664;9.099.917;3.491.193;4.004.551;9.523.764;3.329.375;2.287.229;14.839.114;21.095.220;3.991.629;17.202.292;45.694.767;11.383.246;7.111.598;11.347.870;2.760.726;3.458.884;6.963.591;2.988.869
janeiro, 2019;209.316.592;18.306.393;56.921.036;88.038.452;29.861.136;16.189.575;1.767.322;875.841;4.112.713;588.749;8.559.894;837.393;1.564.481;7.056.035;3.268.362;9.104.557;3.493.513;4.006.323;9.528.760;3.330.571;2.288.922;14.843.993;21.105.765;3.995.450;17.210.880;45.726.358;11.390.280;7.118.998;11.351.858;2.763.288;3.462.396;6.971.656;2.992.235
fevereiro, 2019;209.452.279;18.326.317;56.946.480;88.092.893;29.879.529;16.207.060;1.768.942;876.890;4.118.025;590.496;8.567.286;838.750;1.565.929;7.059.321;3.269.059;9.109.191;3.495.829;4.008.095;9.533.749;3.331.765;2.290.613;14.848.859;21.116.287;3.999.266;17.219.450;45.757.889;11.397.305;7.126.391;11.355.834;2.765.847;3.465.906;6.979.709;2.995.598
março, 2019;209.587.753;18.346.224;56.971.882;88.147.229;29.897.893;16.224.525;1.770.560;877.939;4.123.332;592.244;8.574.670;840.105;1.567.375;7.062.604;3.269.753;9.113.819;3.498.141;4.009.867;9.538.731;3.332.955;2.292.301;14.853.711;21.126.786;4.003.078;17.228.004;45.789.361;11.404.319;7.133.776;11.359.799;2.768.404;3.469.413;6.987.752;2.998.957
abril, 2019;209.723.012;18.366.113;56.997.242;88.201.460;29.916.227;16.241.969;1.772.176;878.986;4.128.634;593.993;8.582.044;841.459;1.568.820;7.065.883;3.270.446;9.118.440;3.500.449;4.011.638;9.543.706;3.334.143;2.293.986;14.858.549;21.137.260;4.006.886;17.236.541;45.820.773;11.411.322;7.141.154;11.363.751;2.770.958;3.472.917;6.995.783;3.002.312
maio, 2019;209.858.053;18.385.984;57.022.559;88.255.585;29.934.531;16.259.393;1.773.791;880.033;4.133.931;595.744;8.589.409;842.812;1.570.264;7.069.160;3.271.136;9.123.055;3.502.753;4.013.409;9.548.675;3.335.329;2.295.669;14.863.374;21.147.710;4.010.690;17.245.061;45.852.125;11.418.316;7.148.523;11.367.692;2.773.508;3.476.419;7.003.803;3.005.663
junho, 2019;209.992.873;18.405.836;57.047.834;88.309.603;29.952.804;16.276.796;1.775.403;881.079;4.139.224;597.495;8.596.764;844.163;1.571.707;7.072.432;3.271.824;9.127.663;3.505.053;4.015.178;9.553.635;3.336.512;2.297.350;14.868.185;21.158.136;4.014.489;17.253.562;45.883.416;11.425.298;7.155.885;11.371.621;2.776.056;3.479.918;7.011.811;3.009.011
julho, 2019;210.127.469;18.425.669;57.073.064;88.363.512;29.971.046;16.294.178;1.777.013;882.125;4.144.511;599.247;8.604.110;845.514;1.573.148;7.075.702;3.272.510;9.132.265;3.507.349;4.016.948;9.558.589;3.337.692;2.299.029;14.872.981;21.168.537;4.018.284;17.262.046;45.914.646;11.432.269;7.163.239;11.375.538;2.778.601;3.483.414;7.019.809;3.012.355
agosto, 2019;210.261.839;18.445.483;57.098.250;88.417.312;29.989.256;16.311.539;1.778.622;883.169;4.149.794;601.000;8.611.447;846.863;1.574.588;7.078.967;3.273.194;9.136.859;3.509.640;4.018.716;9.563.536;3.338.869;2.300.705;14.877.763;21.178.913;4.022.074;17.270.512;45.945.814;11.439.230;7.170.585;11.379.442;2.781.142;3.486.907;7.027.794;3.015.695
setembro, 2019;210.395.980;18.465.277;57.123.390;88.471.001;30.007.435;16.328.877;1.780.228;884.213;4.155.071;602.753;8.618.774;848.211;1.576.026;7.082.229;3.273.876;9.141.447;3.511.927;4.020.483;9.568.475;3.340.044;2.302.378;14.882.531;21.189.263;4.025.859;17.278.959;45.976.920;11.446.179;7.177.922;11.383.334;2.783.681;3.490.398;7.035.768;3.019.031
outubro, 2019;210.529.889;18.485.051;57.148.485;88.524.579;30.025.580;16.346.194;1.781.833;885.255;4.160.344;604.506;8.626.092;849.557;1.577.464;7.085.488;3.274.555;9.146.027;3.514.210;4.022.249;9.573.406;3.341.216;2.304.049;14.887.284;21.199.588;4.029.640;17.287.388;46.007.963;11.453.116;7.185.251;11.387.213;2.786.216;3.493.885;7.043.730;3.022.363
novembro, 2019;210.663.562;18.504.805;57.173.533;88.578.043;30.043.693;16.363.489;1.783.435;886.297;4.165.611;606.258;8.633.400;850.903;1.578.900;7.088.742;3.275.232;9.150.599;3.516.489;4.024.014;9.578.330;3.342.385;2.305.718;14.892.022;21.209.887;4.033.416;17.295.797;46.038.942;11.460.042;7.192.571;11.391.079;2.788.748;3.497.370;7.051.680;3.025.691
dezembro, 2019;210.796.998;18.524.538;57.198.533;88.631.394;30.061.772;16.380.762;1.785.035;887.338;4.170.874;608.010;8.640.699;852.247;1.580.334;7.091.993;3.275.907;9.155.165;3.518.764;4.025.778;9.583.246;3.343.552;2.307.384;14.896.745;21.220.160;4.037.187;17.304.188;46.069.859;11.466.956;7.199.883;11.394.933;2.791.277;3.500.851;7.059.619;3.029.015
janeiro, 2020;210.930.193;18.544.249;57.223.486;88.684.629;30.079.817;16.398.011;1.786.633;888.379;4.176.131;609.762;8.647.988;853.590;1.581.767;7.095.240;3.276.580;9.159.722;3.521.034;4.027.541;9.588.154;3.344.716;2.309.047;14.901.453;21.230.407;4.040.954;17.312.559;46.100.710;11.473.859;7.207.185;11.398.774;2.793.803;3.504.329;7.067.545;3.032.335
fevereiro, 2020;211.063.145;18.563.940;57.248.390;88.737.749;30.097.828;16.415.238;1.788.228;889.418;4.181.383;611.512;8.655.268;854.932;1.583.199;7.098.483;3.277.250;9.164.272;3.523.300;4.029.302;9.593.054;3.345.877;2.310.707;14.906.145;21.240.626;4.044.716;17.320.910;46.131.498;11.480.749;7.214.478;11.402.601;2.796.326;3.507.803;7.075.459;3.035.650
março, 2020;211.195.851;18.583.608;57.273.245;88.790.751;30.115.804;16.432.442;1.789.822;890.456;4.186.630;613.261;8.662.537;856.272;1.584.629;7.101.722;3.277.917;9.168.813;3.525.561;4.031.061;9.597.947;3.347.036;2.312.366;14.910.822;21.250.819;4.048.472;17.329.240;46.162.219;11.487.626;7.221.763;11.406.415;2.798.845;3.511.275;7.083.361;3.038.962
abril, 2020;211.328.308;18.603.255;57.298.051;88.843.635;30.133.745;16.449.622;1.791.413;891.494;4.191.872;615.009;8.669.797;857.611;1.586.058;7.104.957;3.278.583;9.173.347;3.527.818;4.032.819;9.602.831;3.348.192;2.314.021;14.915.483;21.260.985;4.052.224;17.337.551;46.192.876;11.494.492;7.229.037;11.410.216;2.801.361;3.514.742;7.091.251;3.042.269
maio, 2020;211.460.513;18.622.878;57.322.805;88.896.400;30.151.650;16.466.779;1.793.002;892.531;4.197.108;616.756;8.677.047;858.949;1.587.486;7.108.188;3.279.245;9.177.872;3.530.071;4.034.575;9.607.707;3.349.345;2.315.674;14.920.129;21.271.123;4.055.970;17.345.841;46.223.466;11.501.345;7.236.303;11.414.003;2.803.873;3.518.207;7.099.128;3.045.572
junho, 2020;211.592.463;18.642.479;57.347.509;88.949.044;30.169.519;16.483.912;1.794.589;893.566;4.202.340;618.500;8.684.288;860.285;1.588.912;7.111.414;3.279.905;9.182.389;3.532.320;4.036.329;9.612.575;3.350.495;2.317.324;14.924.758;21.281.234;4.059.711;17.354.110;46.253.989;11.508.185;7.243.558;11.417.776;2.806.382;3.521.667;7.106.992;3.048.870
julho, 2020;211.724.156;18.662.057;57.372.160;89.001.566;30.187.352;16.501.020;1.796.173;894.601;4.207.566;620.243;8.691.518;861.621;1.590.336;7.114.637;3.280.563;9.186.897;3.534.564;4.038.082;9.617.434;3.351.642;2.318.971;14.929.371;21.291.316;4.063.448;17.362.358;46.284.445;11.515.012;7.250.804;11.421.536;2.808.888;3.525.124;7.114.844;3.052.164
agosto, 2020;211.855.588;18.681.611;57.396.759;89.053.966;30.205.147;16.518.105;1.797.755;895.635;4.212.786;621.983;8.698.739;862.955;1.591.759;7.117.855;3.281.218;9.191.397;3.536.803;4.039.832;9.622.285;3.352.787;2.320.615;14.933.968;21.301.370;4.067.178;17.370.584;46.314.834;11.521.826;7.258.040;11.425.282;2.811.390;3.528.578;7.122.683;3.055.454
setembro, 2020;211.986.757;18.701.141;57.421.305;89.106.242;30.222.905;16.535.164;1.799.334;896.668;4.218.002;623.720;8.705.949;864.287;1.593.180;7.121.068;3.281.870;9.195.888;3.539.038;4.041.580;9.627.127;3.353.928;2.322.257;14.938.548;21.311.395;4.070.904;17.378.789;46.345.154;11.528.626;7.265.266;11.429.013;2.813.888;3.532.027;7.130.510;3.058.739
outubro, 2020;212.117.661;18.720.647;57.445.796;89.158.393;30.240.626;16.552.199;1.800.911;897.701;4.223.212;625.455;8.713.150;865.618;1.594.600;7.124.277;3.282.519;9.200.370;3.541.268;4.043.326;9.631.961;3.355.067;2.323.896;14.943.112;21.321.392;4.074.624;17.386.971;46.375.406;11.535.413;7.272.482;11.432.730;2.816.383;3.535.473;7.138.323;3.062.020
novembro, 2020;212.248.295;18.740.128;57.470.234;89.210.418;30.258.307;16.569.208;1.802.485;898.732;4.228.416;627.187;8.720.340;866.948;1.596.018;7.127.482;3.283.166;9.204.842;3.543.494;4.045.070;9.636.786;3.356.204;2.325.532;14.947.658;21.331.360;4.078.338;17.395.132;46.405.589;11.542.187;7.279.687;11.436.433;2.818.875;3.538.914;7.146.123;3.065.296
dezembro, 2020;212.378.658;18.759.583;57.494.616;89.262.316;30.275.950;16.586.192;1.804.057;899.762;4.233.615;628.916;8.727.520;868.277;1.597.435;7.130.682;3.283.810;9.209.306;3.545.716;4.046.811;9.641.602;3.357.337;2.327.165;14.952.188;21.341.298;4.082.047;17.403.269;46.435.702;11.548.947;7.286.882;11.440.122;2.821.362;3.542.352;7.153.911;3.068.567
janeiro, 2021;212.508.746;18.779.014;57.518.942;89.314.086;30.293.554;16.603.150;1.805.627;900.792;4.238.809;630.642;8.734.691;869.604;1.598.850;7.133.877;3.284.451;9.213.759;3.547.932;4.048.550;9.646.409;3.358.467;2.328.796;14.956.700;21.351.206;4.085.751;17.411.384;46.465.745;11.555.693;7.294.066;11.443.795;2.823.846;3.545.786;7.161.685;3.071.834
fevereiro, 2021;212.638.558;18.798.418;57.543.212;89.365.727;30.311.118;16.620.083;1.807.193;901.820;4.243.997;632.364;8.741.851;870.930;1.600.263;7.137.068;3.285.089;9.218.204;3.550.144;4.050.286;9.651.207;3.359.595;2.330.423;14.961.195;21.361.085;4.089.449;17.419.476;46.495.717;11.562.424;7.301.240;11.447.454;2.826.327;3.549.215;7.169.445;3.075.095
março, 2021;212.768.089;18.817.797;57.567.424;89.417.237;30.328.642;16.636.989;1.808.758;902.848;4.249.179;634.082;8.749.000;872.255;1.601.675;7.140.254;3.285.724;9.222.639;3.552.352;4.052.019;9.655.996;3.360.720;2.332.048;14.965.673;21.370.933;4.093.141;17.427.545;46.525.618;11.569.142;7.308.402;11.451.098;2.828.803;3.552.640;7.177.193;3.078.353
abril, 2021;212.897.337;18.837.149;57.591.579;89.468.616;30.346.125;16.653.868;1.810.319;903.875;4.254.356;635.796;8.756.140;873.578;1.603.085;7.143.435;3.286.357;9.227.063;3.554.555;4.053.750;9.660.776;3.361.842;2.333.669;14.970.133;21.380.751;4.096.827;17.435.590;46.555.447;11.575.845;7.315.554;11.454.727;2.831.276;3.556.061;7.184.926;3.081.605
maio, 2021;213.026.299;18.856.474;57.615.675;89.519.862;30.363.567;16.670.721;1.811.878;904.900;4.259.528;637.505;8.763.269;874.900;1.604.494;7.146.611;3.286.986;9.231.478;3.556.753;4.055.478;9.665.546;3.362.961;2.335.288;14.974.575;21.390.538;4.100.508;17.443.611;46.585.205;11.582.533;7.322.694;11.458.341;2.833.745;3.559.477;7.192.647;3.084.852
junho, 2021;213.154.973;18.875.772;57.639.712;89.570.974;30.380.968;16.687.547;1.813.434;905.925;4.264.694;639.210;8.770.388;876.221;1.605.900;7.149.783;3.287.613;9.235.883;3.558.946;4.057.203;9.670.307;3.364.077;2.336.903;14.978.999;21.400.295;4.104.182;17.451.608;46.614.890;11.589.206;7.329.823;11.461.939;2.836.210;3.562.889;7.200.353;3.088.095
julho, 2021;213.283.356;18.895.042;57.663.689;89.621.952;30.398.327;16.704.346;1.814.987;906.949;4.269.854;640.911;8.777.496;877.540;1.607.305;7.152.949;3.288.236;9.240.277;3.561.135;4.058.924;9.675.058;3.365.190;2.338.516;14.983.404;21.410.019;4.107.851;17.459.580;46.644.502;11.595.865;7.336.940;11.465.522;2.838.671;3.566.297;7.208.046;3.091.332
agosto, 2021;213.411.444;18.914.284;57.687.606;89.672.793;30.415.643;16.721.117;1.816.538;907.972;4.275.008;642.606;8.784.594;878.858;1.608.708;7.156.110;3.288.856;9.244.661;3.563.319;4.060.643;9.679.800;3.366.300;2.340.125;14.987.791;21.419.713;4.111.513;17.467.528;46.674.040;11.602.509;7.344.046;11.469.089;2.841.128;3.569.700;7.215.725;3.094.565
setembro, 2021;213.539.236;18.933.498;57.711.462;89.723.498;30.432.917;16.737.861;1.818.085;908.994;4.280.157;644.296;8.791.682;880.174;1.610.110;7.159.266;3.289.473;9.249.035;3.565.498;4.062.358;9.684.532;3.367.408;2.341.731;14.992.160;21.429.374;4.115.170;17.475.450;46.703.504;11.609.137;7.351.140;11.472.640;2.843.581;3.573.098;7.223.389;3.097.793
outubro, 2021;213.666.727;18.952.684;57.735.255;89.774.065;30.450.147;16.754.577;1.819.630;910.015;4.285.300;645.981;8.798.759;881.489;1.611.510;7.162.417;3.290.087;9.253.397;3.567.673;4.064.070;9.689.255;3.368.512;2.343.335;14.996.510;21.439.004;4.118.820;17.483.348;46.732.894;11.615.749;7.358.222;11.476.176;2.846.031;3.576.491;7.231.040;3.101.015
novembro, 2021;213.793.916;18.971.840;57.758.987;89.824.492;30.467.333;16.771.264;1.821.172;911.035;4.290.437;647.660;8.805.825;882.803;1.612.908;7.165.562;3.290.698;9.257.749;3.569.842;4.065.778;9.693.967;3.369.614;2.344.935;15.000.841;21.448.601;4.122.464;17.491.219;46.762.208;11.622.347;7.365.292;11.479.695;2.848.476;3.579.880;7.238.677;3.104.232
dezembro, 2021;213.920.800;18.990.967;57.782.655;89.874.779;30.484.476;16.787.923;1.822.711;912.054;4.295.569;649.333;8.812.881;884.115;1.614.304;7.168.703;3.291.305;9.262.090;3.572.007;4.067.483;9.698.669;3.370.712;2.346.532;15.005.154;21.458.165;4.126.102;17.499.065;46.791.447;11.628.928;7.372.349;11.483.199;2.850.917;3.583.264;7.246.299;3.107.444
Fonte: IBGE, Diretoria de Pesquisas. Coordenação de População e Indicadores Sociais. Gerência de Estudos e Análises da Dinâmica Demográfica.;;;;;;;;;;;;;;;;;;;;;;;;;;;;;;;;;
           Projeção da População por Sexo e Idade para o Período 2000 - 2030 (Revisão 2018);;;;;;;;;;;;;;;;;;;;;;;;;;;;;;;;;
